t_ms,time_ist,bot,value
1790776800000,2026-09-30 19:30,hodl_btc,4895.82
1790776800000,2026-09-30 19:30,trend_ema,5000.00
1790776800000,2026-09-30 19:30,rsi_dip,5000.00
1790776800000,2026-09-30 19:30,breakout,5000.00
1790776800000,2026-09-30 19:30,grid_btc,5000.00
1790776800000,2026-09-30 19:30,goal_chaser_10x,5000.00
1790776800000,2026-09-30 19:30,self_learning,5000.00
1790780400000,2026-09-30 20:30,hodl_btc,4850.22
1790780400000,2026-09-30 20:30,trend_ema,5000.00
1790780400000,2026-09-30 20:30,rsi_dip,5000.00
1790780400000,2026-09-30 20:30,breakout,5000.00
1790780400000,2026-09-30 20:30,grid_btc,5000.00
1790780400000,2026-09-30 20:30,goal_chaser_10x,4891.69
1790780400000,2026-09-30 20:30,self_learning,5000.00
